garment_area_m2,pieces,fabric_width_m,defect_rate,target_shade,temperature_C,fabric_meters,chemical_liters,fabric_type_stretch,fabric_type_woven
0.6869021545015712,456,1.4,0.1572690028831104,0.23194709611597542,61,258.9202432619585,22.03229586845274,True,False
1.435928598332891,154,1.2,0.017882200462451904,0.39090599590551467,84,187.57279071018274,23.544617773829575,True,False
1.1515921243548266,210,1.2,0.08351615515698568,0.594476335186173,62,218.35951740575123,21.952983268285926,True,False
0.9782560294561475,426,1.2,0.17582366151243295,0.4967668588591694,67,408.34108819036834,42.69292327436342,False,False
0.40282423257516753,221,1.2,0.18894640445828206,0.9877855202148873,92,88.204124559758,15.153262855515326,True,False
0.40279287643706346,470,1.5,0.09348030224997395,0.13643975255673313,94,138.00643723143477,17.32199326833532,False,True
0.27550869581865933,229,1.5,0.12268227784214154,0.6951445540475938,65,47.22113280855021,5.170253518824967,False,False
1.3260289895074158,249,1.2,0.03340678921841505,0.4043187681042921,98,284.34292729491006,41.87362599621307,True,False
0.9814495152661715,422,1.4,0.19823372522739532,0.42819961492561476,82,354.48178108114473,44.11356687136831,False,False
1.120494351134859,406,1.4,0.04633434027668868,0.7175977656581762,84,339.99939812675024,48.50903424540501,False,True
0.22675984258454318,55,1.4,0.18854635482702514,0.6924361513243696,78,10.588072955625348,1.389750881931046,True,False
1.4608828078105927,44,1.4,0.1299293297984737,0.9912559937021883,64,51.8789647182254,6.2073305664182445,False,True
1.2821754330405482,262,1.2,0.12154735897577183,0.12839428945412523,70,313.96780276300314,29.23581843320403,True,False
0.47604084388175905,399,1.5,0.10253770220330172,0.10410964938416634,71,139.61089219277184,13.035450253098757,True,False
0.4363724573692308,91,1.4,0.04613396234355174,0.7243388171287412,69,29.672763112542295,3.486167227980358,True,False
0.43842586280946394,380,1.2,0.035305606401101655,0.5783869170064091,67,143.73650535666144,15.519223605515696,True,False
0.5955149158473991,265,1.4,0.04409724181403507,0.27416066655980587,83,117.69321606448389,13.884514039791402,True,False
0.8821833611219092,206,1.4,0.037287652428850904,0.0794193689889866,87,134.6471778428624,15.224344758747057,False,False
0.7615285242347505,312,1.2,0.15591689471335068,0.08565824959643054,95,228.8685586119591,28.342157342197677,True,False
0.5785978822574545,418,1.5,0.07002505183334602,0.8941908746641183,96,172.5264984682909,29.95947705028083,True,False
0.9954087631390933,459,1.5,0.011568535312679274,0.1918673247187429,80,308.11880047720166,33.76777654487561,False,False
0.3813420188476544,19,1.2,0.19382052602816227,0.32337156211552076,67,7.208187217674679,0.7012930700804041,False,False
0.5797880430957836,321,1.5,0.17675717699268514,0.22665640222698802,68,146.00572454136662,13.81694470575252,False,False
0.6762703962817993,295,1.2,0.1855504566390426,0.3549963058319373,74,197.09753312615774,21.467583261031884,False,False
0.7928909794821468,251,1.2,0.19898156452928706,0.06942384274609337,99,198.84673203103873,25.461449164625197,False,False
1.2207287498109176,260,1.2,0.03477904984389746,0.5190597909082704,77,273.68998276673517,33.179368855424144,False,False
0.4595759168058677,374,1.5,0.07924840378053176,0.0676125635922149,79,123.66847927409098,12.62511350995554,True,False
0.8685047699376951,14,1.2,0.15164769514081827,0.8003565078223616,65,11.669134359371455,1.3275330389717248,True,False
0.9701389395206552,128,1.4,0.13920412361075846,0.23371208191043302,71,101.04560277735301,10.015738528804002,False,True
0.26038553653599705,298,1.5,0.030779181267971013,0.5400119146045106,61,53.32213137936648,5.163606118723482,True,False
0.98980830747187,383,1.5,0.16316662499812357,0.8800790875614583,66,293.96832770407485,34.924396362319186,True,False
0.421681360793479,74,1.5,0.04488811436733214,0.6508773690471942,75,21.736752202538543,2.7010061479826337,False,False
0.2845670708808634,155,1.5,0.04476352296452462,0.5329577865513353,62,30.7215472009626,3.0153848101563256,False,False
1.4335511984293332,233,1.4,0.10739488457868272,0.3243337531153756,62,264.2065660670658,23.796539273045056,True,False
1.4553216429969271,248,1.5,0.11858798696834064,0.33300191305819793,86,269.1470107625233,33.750726391403845,False,True
1.2509165525513994,186,1.5,0.11601724156756224,0.6694869551981901,99,173.10951061079254,28.593277787018177,False,False
0.5959978999253819,276,1.2,0.018297367479550974,0.9941393612211675,97,139.58771127899217,25.337919303919385,True,False
0.32697374820829905,350,1.5,0.17549217252607607,0.6618391898493786,92,89.68285238275246,13.726476539968516,True,False
1.089502934465804,291,1.4,0.053120008517741214,0.5577834173700249,87,238.49057559342637,33.169143645196975,False,True
0.7721982418614817,72,1.4,0.025902984256560836,0.7306505102392461,60,40.74173901068727,4.171929390658778,False,True
0.3586497052982125,226,1.4,0.17774961597379546,0.46520561228371815,67,68.18735636185939,7.039013869083162,False,False
0.8437299831446512,351,1.4,0.19113029964595069,0.060142342600785215,96,251.9659385877285,31.145141938663713,False,True
0.24470507744978393,324,1.5,0.17242552345309015,0.5622968158779098,91,61.970071360469454,9.03093762745366,True,False
1.3821165227024166,292,1.5,0.16190321494497562,0.9576252845053802,96,312.6124028651336,55.47542081783408,True,False
0.536413976080022,186,1.4,0.13104839612780436,0.17530294235765964,63,80.605779370634,6.904090818291416,False,True
1.0612789696601765,470,1.4,0.11017147412182787,0.6900048908206657,89,395.53912139643035,59.18512076561893,False,True
0.6052243989162343,426,1.5,0.01739735198228203,0.20093368865905648,65,174.87405103073442,15.636001476299198,False,True
0.876088427531154,107,1.4,0.08169064261413975,0.5358276844730813,78,72.42804428245672,8.953670691405183,False,True
0.9107233631462637,114,1.2,0.0745377034024628,0.09667644964671962,91,92.96762615166456,11.086247463868599,False,False
0.44031079218318514,108,1.4,0.051950756752065244,0.45037093625818514,68,35.73143519476137,3.721098988261533,False,True
1.460460016093926,394,1.4,0.144684022737717,0.7561633288952461,71,470.4825050216961,57.54224408322353,False,False
1.207672670369449,414,1.2,0.09917514701575417,0.3475715242389821,70,457.9681058250854,47.03618868570279,True,False
1.4213486240334459,320,1.2,0.016209243181529588,0.664911724487218,75,385.1700292069697,48.114568441628336,False,True
1.3632755555559435,15,1.5,0.04403664038996227,0.7954499607897292,60,14.233096309483868,1.492046569509867,False,False
0.9772699724544107,485,1.5,0.13665175273191918,0.9271778194794527,80,359.16371942336764,52.56680365289117,False,True
1.3984365055300518,474,1.2,0.015226171898060038,0.23464208185545354,89,560.7930893599511,69.70768341629692,True,False
0.31504025266749536,206,1.2,0.17024138280975376,0.39931591580930814,72,63.288889191669064,6.833251760915848,True,False
0.4547777211448888,360,1.5,0.09902930540279486,0.15241601333041743,93,119.95537031580794,15.007518109752157,True,False
0.2587954755836995,142,1.4,0.0961173154653296,0.9924835021583752,63,28.772263340782626,3.3902081075775237,False,True
0.6229294299922437,367,1.2,0.11848155693190353,0.9270009679242953,87,213.08481157410753,33.91365757892622,False,True
0.7052804765963265,268,1.5,0.16493619318502983,0.5399571302805596,97,146.7937399647142,22.604019519300522,False,False
0.5527537413060647,446,1.4,0.06956184158043861,0.8420332943764213,90,188.34080145238516,30.108984098468497,True,False
1.2773587618975082,32,1.2,0.13560323051181272,0.5209579772720422,86,38.68193964089012,5.241460506880595,False,True
0.6637793247016661,494,1.4,0.11314639279915822,0.6235856880027597,64,260.72034220551615,27.36088633526296,True,False
0.565214862593595,62,1.5,0.05340565403388427,0.08912443211601662,84,24.60988865600322,2.699188782302835,True,False
0.9055049081057231,174,1.2,0.1757259972710316,0.7552704204968079,62,154.37072086188022,16.48165688803344,False,False
0.3832014924671915,211,1.4,0.15948520432138563,0.12771348363523483,92,66.9648380190012,8.192714354992502,False,False
1.2428560749802515,467,1.2,0.1316903669316851,0.8260676302525284,63,547.3739096667451,60.909805205312175,False,False
0.2969158367837021,92,1.4,0.17011634581884838,0.7820280876703859,84,22.830856288345988,3.3345943816365917,False,False
1.4829530175806724,154,1.5,0.17345884019196048,0.7087446977429764,79,178.65892434845674,23.894607317896448,True,False
1.2039182000856545,94,1.5,0.14167259534300697,0.036160380524762115,93,86.13410607387483,10.194128400348333,False,False
0.45833038599442416,87,1.2,0.16740266567273443,0.3031283559453286,85,38.79156829173104,4.746291673039633,False,False
0.20717875226068314,466,1.4,0.13949429233385674,0.26311256991084286,64,78.58058332382623,7.113468234843101,False,False
1.2600998569912845,375,1.2,0.1360281543520601,0.3601364074715191,94,447.34653588659495,62.028182208505264,False,False
1.1189145470019022,10,1.2,0.12372227564303687,0.08764274676383854,87,10.477910008392294,1.1894059726456268,True,False
1.1477093184532836,60,1.4,0.15054332791152825,0.9369578230310628,88,56.592398516927695,9.141521815161028,False,False
1.2026514506917294,182,1.4,0.03172102105861474,0.5538022407123763,68,161.3041017490884,17.507398000524063,True,False
0.2962580472543175,214,1.4,0.1761741518397857,0.30552431065802355,97,53.2632330681303,7.4447305213583865,False,True
0.6660054471075545,269,1.5,0.1743687055490464,0.3969815170742834,65,140.26304789562408,13.658447291706585,True,False
0.35062977738266865,455,1.2,0.005849456606911829,0.44720254050483565,78,133.72479235667058,15.953518014706637,True,False
1.3220344536382715,458,1.2,0.16516335011295255,0.6005943333606173,70,587.9140254819911,66.89050738876168,False,False
1.0102875648758254,378,1.5,0.025773973494689042,0.5156794276964978,61,261.1543258283271,25.047384038347815,False,True
0.630167432308444,497,1.4,0.06702377085182838,0.9193919732144173,68,238.70328861086844,29.616909751894287,False,True
0.2826258553718307,297,1.5,0.14870165125832155,0.49696348290583026,80,64.28125177727567,8.025396916166644,False,True
0.604277018230361,43,1.5,0.03215197920966164,0.9921580148233127,83,17.87956398357822,2.775233685016134,False,True
0.6227383186347712,357,1.5,0.16359340482381246,0.8514249577450957,93,172.45817971768852,28.583059297956545,True,False
1.1484880318394832,104,1.2,0.1664268355915484,0.2085105143573358,81,116.10102926008547,12.980773657335751,False,True
1.0288247127617771,81,1.5,0.10149354675216725,0.9305952146439163,62,61.19516421969747,6.949357397586768,True,False
1.3533765653492245,48,1.2,0.001277174343366716,0.11636639788547609,71,54.2042025270161,5.090520407823293,True,False
0.813879402710534,163,1.2,0.057407626634982556,0.8174497084911916,87,116.89847739726719,17.90870972046346,True,False
0.3554725197197922,259,1.2,0.12338538367514845,0.3806232934765801,89,86.18929327867512,11.413373307029604,False,True
1.1272182233898935,171,1.4,0.1962372356054847,0.8779743204450695,85,164.6999216869435,25.181363963449172,False,False
1.1890205632019668,447,1.2,0.1263627054033337,0.8680566901074503,80,498.8774858347651,71.54044553961914,False,False
0.9296603568403452,127,1.2,0.051960716212831964,0.8059254001176211,87,103.50142016807392,15.791438719007814,False,True
1.2022573339409293,268,1.4,0.1268011406199223,0.7900304363070614,85,259.32923045320433,38.43787369314056,False,False
0.841934275273708,388,1.2,0.1079970759431711,0.3046791390980408,92,301.6249645618044,39.971053910264644,False,False
0.8795526781965923,315,1.5,0.15596907903022872,0.08091928305125218,80,213.51449686843208,22.215321687225327,True,False
0.7558033238661146,277,1.5,0.02139612776539168,0.40298017876516146,94,142.55797398179342,20.125634165936194,True,False
0.23304486476732375,458,1.2,0.1522055805004056,0.17352451498650867,93,102.48345159239811,12.947360862959671,False,True
0.34025885509129583,63,1.4,0.10825331573522207,0.6949510889024617,77,16.96918519634396,2.2008103484037194,False,True
0.24085794139275454,245,1.5,0.19259840077179893,0.34609972653778553,70,46.9169766339705,4.815645889728532,False,False
1.0273335346429147,398,1.4,0.06837443320773721,0.9756102008599149,82,312.0254281072795,47.58388489868977,True,False
0.6086627753992246,487,1.4,0.12652437862678964,0.640972077345332,81,238.51640893706147,31.889455784567662,False,True
0.8611418985141137,231,1.5,0.1864056211020035,0.822480563634361,76,157.3361927003937,21.09372142802185,False,True
1.379836416103921,260,1.4,0.020501945598135854,0.13252467274184843,64,261.5090673447962,22.306981530339502,False,True
0.5240798978935375,322,1.5,0.18744569744729023,0.8620144822726226,70,133.5905914659196,16.727296576848698,False,True
0.7334977999463186,410,1.4,0.13757714446016267,0.9227571905133943,89,244.36302601400388,39.72814214540355,False,True
1.1822164801059634,121,1.5,0.01356741182103438,0.4870619188189359,74,96.65932523488942,11.118394868682282,False,True
0.4974376151391092,264,1.2,0.06019271338936325,0.6062529377509774,86,116.02354168597851,16.253284929745302,False,False
0.3000738827774309,312,1.5,0.14163441772905633,0.7648098009029954,94,71.25553186758437,11.574219581468112,True,False
0.5766768887878985,416,1.5,0.01347012029375434,0.17483862726041255,92,162.0860233825385,20.2693793140043,True,False
0.40958767343020575,216,1.5,0.11643409203525466,0.5025660764634424,79,65.84798049046331,8.136453032591094,False,True
1.408606948045345,238,1.5,0.06917661139059135,0.3986630277723131,75,238.95987042078855,26.868009670294136,True,False
1.250556493433742,350,1.4,0.12418310355349543,0.1463739921622491,93,351.4636199893302,43.847894188547116,True,False
1.0234248834635506,407,1.2,0.009148406762502571,0.36753442229153144,61,350.28712447454603,31.61770394851211,True,False
1.3328987672440331,75,1.5,0.17430736123047527,0.06817230938549357,94,78.2616417074847,9.509190415655038,False,True
1.2447736999688488,84,1.4,0.1946977938354794,0.025811906949486985,99,89.22770359063264,11.184434932501654,False,True
0.4425410765518466,444,1.2,0.1937755710571383,0.13516628915482276,87,195.46904875946095,22.693891464462148,True,False
1.360326698036971,112,1.2,0.14993036634858495,0.9631151115891738,98,145.99955796789206,26.497576660625036,True,False
0.9011449144903461,431,1.2,0.026017248026126396,0.549529535895017,65,332.0819892313595,34.395271620292455,False,True
1.2496722017132813,201,1.2,0.15165263918580452,0.96582216115322,68,241.0640384443895,30.38550536770714,False,False
1.3649186899005412,261,1.5,0.0049173832917603025,0.432497878330132,79,238.6637101773913,28.664605326644534,True,False
0.6134045174634231,235,1.5,0.004424710305799451,0.3118161330852596,60,96.52525591137656,8.368074144978888,False,False
0.3430675018859798,303,1.4,0.06472204382990825,0.5061418628402441,67,79.05519580659814,8.296423056849077,True,False
0.49631571130452423,315,1.4,0.09772863808093316,0.4395116886329101,82,122.58449321140913,15.326123081761676,False,False
0.7552401252141332,107,1.4,0.15408148356155865,0.10566468426174391,62,66.61580351735773,5.435483614108503,False,False
1.263419195699241,347,1.2,0.13665907532130103,0.6408263146902062,63,415.26556872513197,43.180367008043596,False,False
1.3189497582332466,295,1.2,0.08918054127534968,0.2160381825095996,84,353.15787618192195,41.087095248839674,False,True
0.20903776969054794,344,1.5,0.05472533325633318,0.6195879548978296,97,50.562824244805455,8.030009524786816,False,False
0.8639714933508356,356,1.2,0.19942490003154223,0.6502010923981534,74,307.42644687258706,37.681813121688855,False,False
0.7426343040934127,444,1.2,0.0852362604471946,0.1520248531286481,80,298.1954597700318,32.086202025761615,False,False
0.48874015361194934,456,1.2,0.0902774048659351,0.06134962711066816,94,202.48769160684955,24.522128245811412,True,False
0.35582497753378767,491,1.4,0.032724764238333835,0.7807615860684398,73,128.87672115895887,16.350879246388697,False,False
0.6388997228247164,317,1.4,0.1589619097499859,0.4598004237693202,95,167.6614002860453,24.487056518731457,True,False
1.425782615086275,258,1.5,0.13873644515629774,0.05816379550547579,71,279.25758778706705,25.504879895656803,False,False
0.6201638116269819,175,1.2,0.04415392255775208,0.9948663171697671,76,94.43386116189083,13.433797524716574,False,False
0.8744278082663759,490,1.2,0.01647620912316854,0.05778056099636664,98,362.94098434354873,45.74474027022628,False,True
1.1139246465637311,481,1.5,0.13609986041494262,0.6950352288585532,68,405.81316977527143,46.48143352736232,True,False
0.6727184830930821,344,1.2,0.13090224285622706,0.9836789252634136,94,218.08993451769751,38.229232559161254,False,False
1.4633167075372489,39,1.2,0.05465190539964187,0.23918010421592562,72,50.156916998736925,5.053966678457158,True,False
1.4511814834247445,256,1.4,0.19017271245008208,0.14224936868719618,74,315.8229215789645,31.29142976458857,True,False
0.5273169845729735,115,1.5,0.030211578356180047,0.1213849394224289,77,41.649018161105744,4.2520169936812335,False,True
0.8464230576601011,60,1.5,0.08646696020852039,0.30327514756759555,92,36.784427460254854,4.87166781123571,False,True
0.5911418027618005,90,1.5,0.1887231840335198,0.10104581101064669,65,42.16223795965934,3.5987572338240383,False,True
0.5702926426907079,142,1.5,0.08394546338522446,0.6921613416941319,86,58.51972629614135,8.468019286278388,False,True
0.24795303156089266,294,1.4,0.12770518953281712,0.06229179813006269,82,58.71976329483875,6.206235919343088,False,True
0.992433634173866,397,1.4,0.07951887959255886,0.5094221281497897,86,303.80448957059804,40.977586845834445,False,True
0.8534827301975201,147,1.2,0.05484304046973401,0.9966968538529768,93,110.28556396847033,19.20987089936476,False,True
0.2669223766249862,193,1.2,0.19679552959196567,0.8139702695060188,97,51.37845072409947,8.765006865373064,False,True
0.562240403507595,410,1.2,0.0818668012630086,0.6152194382310109,73,207.82531918522488,24.797589661095504,False,False
1.3807456517566499,339,1.2,0.1788198407358269,0.30625362078661167,95,459.81122932737986,62.963702930555144,True,False
0.5114304578670641,282,1.4,0.04599092117821724,0.6238958362916385,67,107.7545397425121,11.839598817198288,False,True
0.38836333371859,349,1.5,0.04262094080501666,0.5270414639116516,94,94.21039652478085,13.986822728043665,False,True
0.836288588360832,481,1.4,0.006226816576902272,0.4260833838903715,78,289.11398423345963,34.19396336845804,True,False
1.4813455903437809,78,1.2,0.130333365075177,0.13071037674019947,89,108.83693248821643,12.899436466777603,False,False
0.5146718529649505,43,1.4,0.07370526874475224,0.8866042152404667,73,16.972894891952105,2.235352616009869,True,False
1.0737762116276421,271,1.5,0.17287164996792742,0.4497846488213225,79,227.53190298306285,27.521830550347364,True,False
1.1901054999273328,62,1.5,0.09464198133831143,0.19462251182076507,84,53.8465636209392,6.204076237101868,False,True
0.5089288071901196,459,1.4,0.19363868558294436,0.3677593508772896,99,199.16571044542638,29.178794284279018,True,False
1.1466812531954176,214,1.4,0.03710510314062423,0.41412975252892703,83,181.78214398859708,22.765119768346054,True,False
0.6781180725350292,135,1.4,0.17372463359112217,0.8275378955668743,73,76.74980331384918,9.901217091466577,False,True
1.0219975797716534,244,1.2,0.15531937055834835,0.733614380561402,85,240.08249878336824,34.865564094751946,False,True
1.0235886239891632,52,1.4,0.1541843689288104,0.7693048936413398,97,43.88094248651813,7.367132343908974,False,True
0.896507089297186,249,1.4,0.16895664562337753,0.011031264428647214,82,186.39035860765836,19.210387975588493,False,True
0.3173767010707308,468,1.4,0.15220479818859978,0.4161539981797615,81,122.24258875261401,14.95244405285018,True,False
1.2858932442660094,380,1.5,0.12524406432628307,0.4813441516353236,78,366.55908091845725,44.341012543709375,True,False
0.6170140844632566,120,1.5,0.026248975536477516,0.019192276823056686,62,50.656805765759565,3.9635759501164625,False,False
0.44247406351981056,258,1.2,0.006505235898250384,0.2598132087450342,78,95.75077926160084,10.54847019149604,False,False
0.2530076840211931,160,1.2,0.18416956956313738,0.760289823122135,68,39.94720003780567,4.6862986133796145,True,False
0.9681608261447143,192,1.5,0.12333006290414761,0.13710970572899905,87,139.2082127020126,16.176737722494533,False,False
1.0808336703949672,345,1.5,0.15930745819523529,0.5353101314525917,79,288.1942630862057,36.07642810455544,True,False
0.221564177606213,104,1.5,0.09630447030251002,0.2152018720172375,66,16.84119135355561,1.5388988428026222,False,False
0.8657209757890654,468,1.4,0.023461637792478895,0.012120774643893273,73,296.18790944865276,27.190941714624024,False,True
0.49444450775731935,383,1.4,0.02503715844051009,0.24120145759954148,68,138.65256386441743,13.206803949895948,False,False
1.0387246275322848,409,1.5,0.13711305744579427,0.9758737549100538,78,322.0595072376729,46.722411211507946,False,True
0.42667635770648893,17,1.4,0.08606117897989254,0.8015371118829896,73,5.626959055421749,0.71923864207446,False,True
1.0982190595332058,397,1.4,0.040104945340067345,0.9595766443210334,97,323.91317195015745,58.117905171055,False,True
0.7027559501906986,369,1.2,0.09831890934828738,0.48785404392636245,95,237.3439207410763,35.05957383538584,False,True
1.417748985357755,397,1.5,0.012841787415026819,0.1097361986775035,99,380.0495335499526,49.611638477414196,False,False
0.37877722738979125,193,1.5,0.11639428038287976,0.547959488973693,76,54.4085952853793,6.584967590357798,True,False
0.6433862563653361,290,1.4,0.053798680887019536,0.4543773345599609,89,140.44277185357313,19.17391280473532,False,True
0.3475155776127658,204,1.5,0.15951182012743764,0.844357082739616,68,54.800985109176565,6.62462673079677,False,False
1.4021017037621315,361,1.2,0.062072391784714756,0.09808258078424459,92,447.98099760372133,54.044314836696174,False,True
1.3405411593952754,204,1.2,0.09104402981636024,0.4882411370217782,84,248.6402028758239,32.480531008435946,False,False
0.5353241160297023,164,1.2,0.0023241079816201274,0.15004866469398426,73,73.33099650100449,7.193475256787167,False,False
1.0579792598444329,102,1.5,0.014489377558911776,0.32467592689006,70,72.98499301370755,7.422907462390226,False,False
1.2623888602615805,169,1.5,0.07849871128133697,0.7373570773877997,94,153.3939495058914,24.668773281869598,True,False
0.9217610550793012,443,1.5,0.0959877669434247,0.47601812936876653,73,298.3572042016119,33.70491425253802,False,False
0.8885457518628084,70,1.5,0.12000410962386075,0.37588828514576933,89,46.44149503817453,6.137651597825642,False,False
0.5144079781705873,131,1.5,0.05833251574186065,0.3944762785700353,63,47.545549563199984,4.482713441613419,True,False
0.32103359814766896,60,1.2,0.13899637722530853,0.45944676840598664,63,18.282805262890022,1.7705199613976763,True,False
1.3663804853393249,412,1.4,0.17202447943784094,0.7850165438370569,87,471.27837667290345,71.36817037090226,False,False
1.3705434743123295,286,1.2,0.15597019777866997,0.8920846889402344,67,377.59326630384624,45.72882761020449,True,False
1.0230318944552483,14,1.5,0.00792376506967143,0.9553346865039283,61,9.623956149226466,1.0843516857383166,False,True
0.6407387283633109,475,1.2,0.0961013894515658,0.7869033862552951,81,277.9995332969716,39.222115686587784,False,True
0.6539724469964592,101,1.5,0.020986035683634975,0.31540689574801273,75,44.95824689775288,4.879529760365565,True,False
1.1437423825313113,179,1.5,0.048409003172505495,0.6881347060865421,88,143.09377079792532,21.15604323286828,True,False
1.3662433379383503,326,1.2,0.1973325186534293,0.4376031240553919,89,444.40525839312096,60.25765282019292,False,False
1.3532123515446526,31,1.5,0.02849910858030265,0.2546706220460512,71,28.76340574385962,2.877807762729773,True,False
1.213838209614911,414,1.4,0.09977763069027122,0.8408715794259226,94,394.764409734004,65.8866557907032,False,False
1.0346411400005742,335,1.5,0.12363114686362382,0.038426348962324997,70,259.63728572995285,23.154752442718564,False,True
0.3093819544935635,10,1.4,0.1404929941088208,0.9017619921354235,80,2.5203425114543085,0.36567170534506255,True,False
0.4101173283229979,142,1.4,0.11192973669738282,0.46147746462473416,80,46.253624793861405,5.692612754364886,False,False
1.368120445085203,242,1.5,0.001954169483836732,0.6372014768082804,64,221.15476280188452,23.329186682572598,False,False
0.988357777557467,21,1.2,0.06529226164879838,0.6593539222057827,79,18.425573113016547,2.4193809312701298,False,True
0.21195616710161855,355,1.4,0.1035423286769423,0.8951177407065364,96,59.311016991692526,10.302742650719752,True,False
0.33191300572584176,55,1.2,0.01757329982896667,0.6366696821672073,62,15.480016405910629,1.5816079850554772,False,True
1.0625522998404726,43,1.4,0.07012538624183616,0.6139335847600618,92,34.92411441540306,5.249135646334442,False,False
0.2065800590000843,442,1.5,0.006640621758273313,0.06665204056068996,68,61.2764870222266,5.382080020072197,False,False
0.40905046684274826,87,1.5,0.01571569943100415,0.5184080219452041,68,24.09778089984213,2.5792419009927148,True,False
0.913353926176562,227,1.4,0.07938465524031922,0.15016900081704165,63,159.8501916336393,13.533381493746772,False,False
1.0994637570005013,310,1.5,0.02654315080861207,0.7374337687214856,94,233.2537111243082,37.512849398788155,True,False
1.0475496373533808,420,1.4,0.11350816965231164,0.5122219208126745,76,349.93652379279183,41.75811478334879,False,True
0.49155010229872775,82,1.5,0.13789299382745315,0.6802277792083533,93,30.576784157808664,4.763503378607095,True,False
1.1258329877517967,291,1.2,0.16011733982181658,0.041672900602384266,83,316.7288549273086,33.54531734709033,True,False
0.5084238137458401,258,1.5,0.040030048848962024,0.08479201604580322,91,90.94947954152259,10.78411133866472,False,False
0.623019607607048,56,1.2,0.03349651645181395,0.7163233880626823,60,30.048134393342803,3.0607668832607904,False,False
1.1704388266534314,130,1.5,0.02091356806688005,0.07208433599867337,67,103.55946282263982,8.985702519292712,True,False
1.0445227687613792,223,1.2,0.12728604990872736,0.0712567277652586,82,218.81427997182794,23.227553163041424,False,False
1.3039904336424313,248,1.5,0.14129514529738024,0.01210847523488745,99,246.0553413031483,30.6336960772968,False,False
1.0548967599904464,65,1.2,0.006317228965128408,0.9565013982994801,71,57.501209152718396,7.543856733586575,False,False
0.938801184336113,359,1.4,0.18724244924873798,0.737508359459007,71,285.8113411886624,34.71948527311432,True,False
0.32177719817652023,116,1.4,0.010394256730294482,0.35325140850206416,74,26.9386661615581,2.931947251563224,False,False
0.6780305439772636,328,1.2,0.1082592670602141,0.2965355812876552,78,205.39185988146596,22.99487357332596,True,False
0.5447630779862431,57,1.5,0.14181210389018328,0.34970322974584955,85,23.636648895492243,2.9505152320369237,False,False
0.5171865363928086,70,1.2,0.17419382474921713,0.7746535311811819,88,35.424505507759214,5.4059901113598245,False,True
1.4649137211781793,346,1.5,0.14281738642648556,0.6613706110704144,81,386.1657260541945,52.02883703761716,False,False
0.7110270420667886,35,1.4,0.16034561661395838,0.18519556786746794,99,20.62592778890467,2.78881057047464,False,False
1.3596605217302473,301,1.5,0.06789003850856122,0.17410933533408435,80,291.36156399975624,31.672594812470468,True,False
1.0204802137964417,266,1.4,0.16296502274930247,0.09839564971339732,97,225.48873106006846,28.685602196647913,True,False
1.233254694604143,17,1.5,0.01602296927693503,0.6603027197013381,79,14.200837762446106,1.865314786497722,False,False
0.8534282210367499,122,1.5,0.17896333121210553,0.7643726622217359,88,81.83439371181116,12.442141844353163,False,True
0.949975050014267,364,1.5,0.10951847523074726,0.265046428325004,63,255.77427487711066,22.811536430857807,False,False
0.840273001964523,262,1.2,0.16345955399249876,0.020944961030912812,66,213.44783070797206,17.79386061388054,False,False
0.4538158841374579,189,1.2,0.09046365690366004,0.08217166747642735,87,77.94198225095626,8.82444192627536,False,True
1.139187749839957,216,1.4,0.128715539039305,0.9678600348450305,87,198.3834897625409,32.01460967688875,True,False
0.5650040711731126,312,1.4,0.10528053218722265,0.29544477747742026,63,139.17161153424254,12.578766986732363,False,False
0.23161075636089,136,1.2,0.14631790435106637,0.7692231478381336,81,30.089949777101832,4.218367887901887,True,False
1.0391139846793183,65,1.4,0.016325996406117916,0.6246635688542638,71,49.03221866487006,5.71075533757151,True,False
0.4302438832291636,223,1.2,0.01207041679811276,0.3819396396528959,62,80.91872890673412,7.468811708964471,False,True
1.4225961596587886,23,1.5,0.04942064680202929,0.2056872621955551,81,22.891160657443866,2.5560937873741705,False,True
1.4401071501033635,483,1.4,0.03190893602263767,0.12138641815940643,61,512.6905057725055,41.465309509730794,True,False
1.3893237072865832,37,1.4,0.17435671331844035,0.6150129680388666,83,43.11984288364651,5.849370444127705,False,False
0.6812063103320778,480,1.2,0.043842797471608866,0.774633780637788,93,284.42892025293963,45.87144150009051,True,False
0.22009360148752766,87,1.4,0.19517305116382627,0.6439042535411307,86,16.346674919385062,2.323023580095625,False,False
1.406814131364043,225,1.4,0.06737915835422137,0.5303021332491583,60,241.32922770474275,22.898844737875592,False,False
0.7566393928125086,395,1.5,0.03642358313773986,0.041951223431636264,67,206.50571313570143,17.657623606290976,False,True
1.4566512647567704,374,1.4,0.15793970142849584,0.9684887775943838,82,450.5936854597236,68.55109280028176,False,False
1.4527059702160288,163,1.5,0.13174155510017524,0.7987141916545746,97,178.6575315701349,30.313189248735775,False,False
1.308912292107568,23,1.2,0.0996391432906278,0.29282203670096474,65,27.587181171101648,2.569632687357279,True,False
0.5827835596904614,196,1.4,0.11107271018752625,0.9799703293588506,81,90.6520872765221,13.675864350410794,False,True
0.7006270471825029,321,1.5,0.14384035565445277,0.6018815896363221,84,171.5007750376977,23.426797231894678,False,False
1.3064776729719139,380,1.2,0.045690948266259745,0.5824226582072465,77,432.6210943005874,53.765756098874576,False,False
0.611998606703161,16,1.4,0.19926678321134839,0.7480731794295321,76,8.387995433036881,1.0949142007385375,False,True
0.4203405706919202,12,1.2,0.19495863242935663,0.8117697880901376,71,5.022895935085923,0.626718199855419,True,False
0.9238416411958552,120,1.4,0.13006513726938737,0.6564786073315027,65,89.48581980627173,9.657259867729604,False,True
1.4170012064090152,416,1.2,0.03990849018582903,0.12809574636620003,85,510.8312161847431,57.752067345796924,False,True
1.104838735677465,247,1.2,0.13604564848625827,0.3382675059944984,86,258.3511398104371,32.470056550352034,False,False
0.9410795211161744,372,1.5,0.01443968179583517,0.9280836403260497,67,236.7577656665259,29.029698877922694,False,False
0.3263294419019991,248,1.2,0.006130500441161213,0.22461561184385193,78,67.85486763583893,7.358861146761414,True,False
0.9995093947089206,283,1.4,0.051536577702242736,0.3721670238375133,60,212.456324847892,18.899320792870498,False,False
1.4870700051355423,303,1.4,0.09252459134786327,0.432076882944196,88,351.6229618206508,47.0345742326006,False,False
0.38210921980748125,236,1.5,0.17365450108167613,0.4394049896944522,94,70.55836836847898,10.112075606937552,False,True
0.8738285480728578,380,1.4,0.1454338139532616,0.6129395824945255,99,271.67632235209084,43.92344238358232,False,False
1.340584993506342,24,1.4,0.1485413042399962,0.9430758377447076,73,26.395152632337275,3.5442839525278296,True,False
1.162999203080466,201,1.4,0.08509866688961508,0.24069271183250496,94,181.1826756115114,23.851013669240313,False,True
1.1061204632938484,482,1.2,0.06918699850939258,0.12150137630091806,79,475.03092995248574,49.759076851685364,True,False
1.1132293091832421,128,1.2,0.07420775259692054,0.19747048985993731,72,127.55621912989365,12.613546230122202,False,True
0.6673384965856817,494,1.4,0.19752991274721157,0.8869249002092695,97,281.98854208929913,49.3535844637105,False,False
0.5816693975438414,37,1.5,0.008021838282496497,0.645810812655206,67,14.462941232825443,1.6023973886703917,False,True
1.2521695021220678,211,1.2,0.17340629922448972,0.28590678923916013,79,258.3525464114339,29.159385843044145,False,True
1.253147413082935,48,1.5,0.11573508171447869,0.8159469389686173,92,44.74177700276403,7.2444520247096165,False,False
1.3271940141541347,450,1.4,0.0877230838379181,0.861369996363436,85,464.0205747622375,70.53589798574912,False,False
1.3872127183234126,282,1.4,0.14505153208302732,0.846514338690278,98,319.9551954717445,55.78386941348726,True,False
0.8647451185192192,240,1.2,0.09733378828494058,0.9189265336395545,80,189.78280736112094,27.698103601749008,True,False
0.8519711830933596,95,1.4,0.17468464761633212,0.2522410201733616,68,67.91125682440915,6.500482029937154,False,False
1.2377837326568077,483,1.2,0.1801403728022517,0.7550419287462783,83,587.9553186717326,84.02928067444391,False,False
1.0449531100110947,135,1.4,0.08434418537469109,0.46053949727414,96,109.26213706572402,16.130628228407687,False,False
1.1125569404350144,309,1.4,0.05536555944701032,0.8419985528900615,76,259.15262275598974,34.984290495383874,False,True
1.2345304702669313,34,1.2,0.11847006571867245,0.7284906771616132,83,39.122252325982814,5.537381350939809,False,True
1.357006944362836,154,1.2,0.1824726691233382,0.7764474464997246,80,205.92669835168562,28.58723279023283,False,True
0.6393937039069966,22,1.2,0.04213243780113332,0.6561618376810715,98,12.21610352173373,1.9874368137499168,False,False
0.6882578384319272,221,1.4,0.12459331671269656,0.17742876946970687,98,122.18303323280256,16.29524716675838,True,False
0.3221765217931297,34,1.4,0.12631204401850413,0.5450269188969383,72,8.81258863646438,1.0092723887235202,False,False
0.9517641832950261,77,1.5,0.1466226044830562,0.9846697395245082,70,56.0208021041095,7.3151571860511595,False,True
0.2467249559357647,403,1.2,0.02631353702545196,0.9373880664971189,78,85.03876363845836,12.177352663187241,False,True
0.8052774235721982,76,1.4,0.1431649929364177,0.04317373579701167,70,49.97352641247315,4.467076103486649,False,False
0.9054380251198497,242,1.4,0.1818065041331282,0.16481481572943713,72,184.96622601186758,18.018793191602274,False,False
0.5725036277667698,118,1.2,0.0359366217740484,0.1317287734545619,60,58.31928495337266,4.662033666840007,False,True
0.968083238739714,155,1.5,0.04750866498477553,0.7259799099852955,99,104.78781003732547,17.674560645210857,False,True
0.23965032492076427,120,1.2,0.19427901880832793,0.8177853298569451,78,28.62093549034673,3.9315730423846995,False,True
0.24855264537397875,237,1.5,0.03619539054189796,0.2135113663106719,71,40.69275866007486,3.99702859453969,False,False
1.2693807288575558,120,1.4,0.17087701867391583,0.505852692951829,67,127.39617628858778,13.368009653401929,False,True
0.6682478338346418,479,1.5,0.09845557128960697,0.8407030280112,67,234.40361757420104,27.883350897954635,False,True
0.36517866644745023,43,1.4,0.049446214880635414,0.7328015447662506,71,11.770800627223352,1.4274222573387614,True,False
0.8789162380712456,120,1.2,0.1741499802545023,0.5422372054918483,92,103.19794835767146,15.08533567110468,False,False
1.2009916190281942,273,1.2,0.0890610510005331,0.5903476904587729,85,297.55935183103156,40.94780330133961,True,False
0.48056733574589616,433,1.2,0.10296347078593804,0.50836054691628,98,191.2590648161827,29.38448491103225,True,False
1.0097576185647004,378,1.5,0.07184667387995314,0.2975484513188206,87,272.74094691064613,34.07330749760199,False,True
0.3109517044918984,245,1.4,0.11859017028698549,0.5650219928590161,64,60.86981601375869,6.245296671062919,False,False
0.26718623751919,92,1.2,0.032704774517004556,0.6888853020500907,67,21.15421190979982,2.381902322004887,False,True
0.8907610210385923,51,1.2,0.07821630733035215,0.8733229158608077,84,40.81840499976692,6.157434069922677,False,False
0.9028256580931384,434,1.4,0.1938824644670575,0.6362913539792481,86,334.1389937171821,47.34771603381142,True,False
1.0286588719476686,110,1.2,0.05162668654022551,0.761121537043158,82,99.16180276626551,14.032136700085525,False,False
1.14391873383946,15,1.4,0.13134733290825845,0.160071634954573,89,13.86610080635427,1.6660672640569794,False,True
1.468607703301295,189,1.4,0.06503801284493897,0.4615574744197899,82,211.15660904632543,26.638424125144887,False,True
0.8711904527915539,291,1.4,0.15469462513732013,0.009331619827093296,79,209.0957497093018,20.744545884703623,False,True
0.6198434148236198,329,1.4,0.026174732143669967,0.24667886452162302,77,149.47589779174677,16.161546378097885,False,False
1.2337420531993148,235,1.4,0.19396420901570896,0.7264617151130048,77,247.26093274944367,32.44334683900356,True,False
0.5520819266406964,452,1.5,0.09075790827672786,0.9918099513493635,61,181.45923521999757,20.697740179638405,True,False
0.7706628469173269,449,1.2,0.0472100926692928,0.0991780995872159,63,301.96967849195556,24.95934534829467,False,False
0.30199329574494577,324,1.5,0.014699349466002532,0.40149431586128825,89,66.18939855886597,8.84178645777254,False,True
0.23295596644009478,374,1.2,0.03395158101750815,0.8000709686991595,92,75.06965082355491,12.086520119331597,True,False
1.4514429390813026,463,1.5,0.10395478971120353,0.20403563462889884,95,494.5850527105178,64.72368290639712,False,True
1.2867741566658675,238,1.4,0.06740063528625727,0.5550849493022862,77,233.49560389016446,28.711428092847868,False,False
1.1047664679218074,386,1.2,0.1657766731765219,0.7330712960296748,96,414.2780311314937,67.93508372767042,False,True
0.7316388277385508,298,1.2,0.08617750473236119,0.615985450260179,78,197.34792634246162,25.167641067606237,True,False
0.4252826160920995,446,1.5,0.04974285451752598,0.18802473461541613,87,132.7407165182453,15.792673424891854,True,False
0.4033681554724119,159,1.5,0.12342899732080602,0.3553845686857394,99,48.03448114007256,7.000517430358222,False,True
0.5253157676139739,286,1.2,0.14135544337708916,0.7837917844853972,79,142.8979959211622,19.641289436322484,False,False
0.9139946641179566,207,1.5,0.03340838158018997,0.5542265141320166,92,130.34510503343122,19.143528087663476,False,True
1.1289746995100811,79,1.5,0.033523843257663534,0.005229613542912737,71,61.45263957325844,5.468182713681289,False,False
1.0582565897330507,121,1.5,0.007334285386708595,0.7609907600280938,74,85.99213040967777,10.980835834201619,False,True
0.5639140660297257,13,1.4,0.14728040301312811,0.03531135494023907,98,6.007555885865443,0.7489188609838252,True,False
1.4413248648621524,359,1.4,0.132760905524361,0.7457337827312321,61,418.66489200592457,43.82630162192225,False,False
1.1592659917044992,340,1.5,0.09492617514996278,0.2024805601652374,88,287.7104204097788,34.85221343502281,False,False
0.9206602682648208,455,1.5,0.16883408979383943,0.9580734801193802,69,326.4167290222214,41.639976375980225,False,False
0.995236970104658,327,1.4,0.16113403059001064,0.3679407513020845,61,269.9159637415488,24.367403505128717,True,False
0.7454800811561269,359,1.4,0.11707087287935043,0.3269316163380791,70,213.54194036048318,21.739265294205765,False,True
0.5220502863515047,104,1.2,0.17365425610265173,0.14888805033244468,72,53.101233507924476,5.134887276439128,True,False
0.6627644822466401,161,1.2,0.04116824200735365,0.3056042154902149,69,92.58161855512446,9.205314582009091,False,False
1.18519994360368,320,1.4,0.022383923879545575,0.8766507618282006,73,276.9667128967649,36.35110307053361,False,True
0.21871153521868264,146,1.5,0.05394992230339793,0.9963343376272473,77,22.436404540257175,3.235297899336795,True,False
0.3508944326589911,256,1.5,0.011417371217862972,0.36830953050684834,68,60.56972367444313,6.096533788129873,False,False
0.2598034346282786,396,1.5,0.1062339056002064,0.44861063095454257,98,75.87448919877777,11.379458703310338,False,False
0.2529474430146612,252,1.5,0.18732113845899231,0.722070938202737,87,50.45541412975705,7.468037395969251,True,False
1.3120987592143094,40,1.2,0.00786870813370193,0.8861957804650745,62,44.08077604643864,4.9299978057132146,True,False
1.114755217194031,49,1.4,0.02442198280200536,0.5930443341867842,79,39.96929124778763,5.117330870444646,True,False
0.8164259778135228,238,1.5,0.09043980565668706,0.39152569817782934,65,141.255123686701,13.72374486827635,False,False
0.32718440884630196,45,1.2,0.186775003505581,0.41262184084862374,86,14.561035423332806,1.8882521247140478,True,False
0.8391006376518821,417,1.5,0.0632312209953501,0.6956181464968069,61,248.0199227513873,25.489117045089955,False,False
0.8155133020147354,232,1.4,0.10144696173767849,0.0032182636042786816,88,148.85197036607414,16.400064208594145,True,False
0.42516243088301975,15,1.2,0.008314571810078419,0.6195893374598407,97,5.358718430569301,0.8510320258296129,False,False
0.764007144009365,331,1.4,0.029668640192417772,0.3554930104413574,62,185.9922565928404,16.976509090525226,False,False
0.7180561547165856,477,1.4,0.1973260245917694,0.7941973312770843,75,292.9281944239574,38.36714902102672,False,True
1.0006051274678815,229,1.2,0.19302373928720912,0.09299063982313216,89,227.8064654960552,26.521821998577945,True,False
1.0256217461279369,84,1.2,0.0009879961868819232,0.5882022669483905,99,71.86445395516061,11.508734075834838,True,False
0.2588952127036579,13,1.2,0.1903623570846478,0.48097288988612374,61,3.33860708601179,0.3157891336831216,False,False
0.6869963990144126,344,1.2,0.12782398756310007,0.6423255259052274,76,222.1124918776719,27.877441578262523,False,False
1.0136178904285074,143,1.2,0.17358365890400443,0.06485359448296835,71,141.75654261574115,12.98885122867061,False,False
0.854077136154114,127,1.2,0.09094797112677183,0.5799837874281313,94,98.61060191406914,14.946808059651136,False,True
1.313436793544819,378,1.2,0.10311920571585005,0.5614845879595237,60,456.3963660227372,43.839459658799065,False,True
1.0563017211046286,103,1.5,0.09776931605138404,0.5606600944161709,74,79.62419243057037,9.429935259952252,False,False
0.41181475520585864,495,1.4,0.13337285150922087,0.6034876665964548,85,165.0258095597227,22.824766305000523,True,False
0.2917393716205588,444,1.2,0.027930250951262583,0.6764679372263622,96,110.95845842844533,17.818605380867886,True,False
1.0351450616682103,71,1.5,0.005994717974535591,0.8049889996807698,80,49.29058864711384,6.912977947147208,False,True
0.23446470370410838,450,1.5,0.06158598831823819,0.26982072012821434,90,74.67133326224062,9.5338428434006,False,True
0.9615082556555024,203,1.5,0.14093615254732936,0.8250494101800621,84,148.46330970637788,22.019349739767595,False,False
1.422299313852445,344,1.4,0.04037069042458968,0.4982556822634536,82,363.5879789894446,46.552206393794584,True,False
0.9481164312386428,212,1.2,0.13468648666498348,0.07705827913433116,83,190.0606327417015,20.47853868388365,False,False
0.7046209040684785,401,1.5,0.1939824092214541,0.0585509292439792,97,224.90886054374664,28.068547096969258,False,True
1.0362746839750592,35,1.4,0.018780143157883677,0.3342383186960608,87,26.393401772275038,3.3499616316561793,True,False
0.7957287576389716,444,1.4,0.13452042364502526,0.7848969771114676,80,286.30722434789607,39.866806180581534,True,False
0.9093018261107155,182,1.4,0.08875004386091423,0.7076809347409158,77,128.7003123979106,16.770570267172957,False,True
1.4239042514094826,309,1.5,0.17362845087550108,0.7886149646724064,95,344.25371540001066,56.99946933050739,False,False
0.7019334291410066,142,1.2,0.035429957889477184,0.5172690564416094,94,86.00500994890818,12.719242826796187,False,False
1.4495477329710884,335,1.5,0.1385251904452329,0.44019899795549056,68,368.577409285348,38.224594554303316,True,False
1.376955834542883,419,1.5,0.16762305792962207,0.14745252670628395,97,449.1024634175301,58.468339576344476,False,True
0.4545284752260854,127,1.2,0.18892284389480465,0.32819275360931155,89,57.19225791617898,7.406724649642025,True,False
0.2901696911377151,333,1.2,0.13664960565792916,0.43401936617387527,93,91.52540103904484,12.948773545128443,False,True
0.3310114017906547,284,1.2,0.09943495280168546,0.08860042967961723,91,86.12903616073835,10.231194947451284,False,False
0.22368837334701466,221,1.4,0.12356944804024278,0.22061195271121126,62,39.674144500407166,3.4139090802838425,False,True
0.32277584898270695,234,1.2,0.17378099689574367,0.5982252940637388,62,73.87929076959439,7.438257876920683,False,False
1.087908805441264,29,1.5,0.11412194932776594,0.7356631142391898,87,23.433219527508538,3.4857308155668068,False,True
0.2925452429982977,122,1.2,0.0060774119393673725,0.9983475113929496,74,29.922854696674904,4.149509157251597,True,False
0.6146683193818897,149,1.5,0.18618973910139558,0.9331133313435577,82,72.42524983788203,10.887112623550706,False,False
1.298337904260291,56,1.4,0.13790535020631223,0.6425651995351915,99,59.095425905337436,9.662617549353977,True,False
0.23025351645657363,10,1.5,0.1353026771554493,0.421248053294072,70,1.742716224384029,0.18460523662585487,True,False
1.2588090273656165,99,1.5,0.04313503047954344,0.6361773647082327,91,86.66511434651115,12.993924850163271,False,False
0.5664112072054199,151,1.2,0.13177709404653146,0.785651618080232,95,80.66561312423087,13.341936308550022,False,False
0.35361427590815314,329,1.2,0.0787728811308317,0.11833619092338732,92,104.58621884567656,12.739054416026239,True,False
1.1057583149733958,47,1.5,0.13024659540829842,0.40990488969628824,83,39.15975988641705,4.895511023035968,True,False
1.0176257008138492,302,1.2,0.021318606061598147,0.8398022856356172,98,261.56221566566046,45.495579895349614,True,False
1.3407136175851688,391,1.4,0.13156906092060722,0.383832951933044,93,423.7071637448565,58.708987623857716,True,False
1.1555923569450515,148,1.4,0.19988274515413332,0.5718722712271865,87,146.5808205503527,20.49867616527793,False,False
1.2445252095003032,365,1.2,0.009642407772111207,0.5877693608621982,96,382.1931513369472,59.34166361766727,False,False
0.5666449443426984,342,1.4,0.19543483684426347,0.18447625313363936,66,165.47599318101263,14.910983074664577,True,False
0.4306714069136397,268,1.2,0.08138159214457413,0.3622354416522884,63,104.01082941286947,9.674361409967513,False,True
1.175799177133116,170,1.5,0.17415069006745185,0.33451128874193214,96,156.4640803906469,21.91602971727542,False,True
1.2488851610474432,399,1.5,0.1564770968116547,0.026196708532064794,60,384.18568468961456,29.1913413668713,False,False
1.4876566846008752,187,1.4,0.11340325219733356,0.024191763891355245,60,221.2426106266451,16.79390513446039,True,False
0.7364029799848544,19,1.2,0.14768984185026532,0.8316970436757735,79,13.381735144250626,1.8709678549568187,True,False
0.6836235115306182,270,1.2,0.17570311226026958,0.2730708099728124,78,180.84111527718946,20.039402193501004,False,False
1.209336848964596,416,1.4,0.0808280643302066,0.5180787662388154,88,388.3910325180513,53.789956658970084,False,True
0.6430446023289232,147,1.5,0.06540663231264775,0.29872557358877305,69,67.14019045102022,6.655777639732053,False,True
1.4099845232846342,181,1.4,0.13351867711271695,0.9406792451153405,77,206.6300901975169,29.24232934989466,False,True
1.3159365773959153,395,1.5,0.16156918838825174,0.25929675886577375,87,402.5185306397293,49.44910413389037,False,False
0.757692235587524,22,1.2,0.15245702695532315,0.4296568127389351,94,16.008808588159386,2.2851347624407325,False,True
1.1761323881289467,177,1.5,0.15956272977172692,0.8727302504846018,90,160.9283153411055,26.004579729745448,False,False
1.180905736310087,139,1.4,0.0871166629625866,0.8419335667918086,86,127.4612429735578,19.470205686846377,False,False
0.3340610294867124,93,1.2,0.16356684323500434,0.18610141784627732,70,30.12443115839595,2.881158947939211,True,False
1.3733187786834367,330,1.4,0.02404181107412169,0.8026433097957104,97,331.493450193342,56.324135213293964,False,True
0.8568280841822142,328,1.4,0.10889781959216992,0.45818688673789265,64,222.6030089537985,21.88799190234501,False,False
1.2743947059400642,110,1.5,0.0011517320996243142,0.4829688720853552,67,93.56324759690237,9.728175187962298,False,True
0.6160644813397953,338,1.4,0.06491716598005406,0.13347997241594378,93,158.391059169228,19.641841366811622,False,True
1.3641801970450607,282,1.5,0.07329230697427958,0.08060151375712465,71,275.2628528332427,25.414108680189003,True,False
0.705962182354412,274,1.2,0.07923453832185108,0.7279393069737652,97,173.96688580432533,28.770873295032022,False,True
0.21408894692438787,468,1.5,0.13909344133797244,0.49646115235529975,60,76.08660237501134,7.123021764147012,True,False
1.3769965693450428,408,1.2,0.07771162025406915,0.43685070261517955,90,504.56176930326785,69.16172073971774,False,False
0.31867267982197367,417,1.5,0.08973872452450614,0.7295082286523967,63,96.54104878270107,10.375689990295154,False,True
0.6151077288675393,47,1.4,0.047508826174865494,0.7655128989911097,64,21.631104590532004,2.3928439505816828,False,False
1.4350805571660463,428,1.5,0.07465035832586801,0.15890816766935356,89,440.04387291571373,52.844546069989036,False,True
1.435789291018823,103,1.5,0.0454539254526303,0.6102251494776413,83,103.07220646206879,13.956536398821148,False,False
0.9454692545602721,104,1.2,0.014639184753688729,0.13535408227768553,62,83.14021331691505,6.879434513923846,False,True
1.0213883758207392,314,1.4,0.12068971867627559,0.7513750860290457,70,256.7307627065267,30.903364814348798,False,True
0.7829791785718156,78,1.5,0.13364255971100325,0.6569551562671395,63,46.15616305022174,4.828747431760618,False,True
0.5811740032074839,327,1.4,0.12389806920192291,0.956614621083458,85,152.5642651461461,23.963292277378542,False,True
0.6272639089808908,453,1.5,0.09269880876011448,0.06895801635642118,86,206.99397888873293,23.01907454281538,False,True
1.07427399290015,245,1.5,0.07595715603584596,0.05705472115125432,86,188.7925557333392,20.874168222309375,False,True
1.1780868882689841,443,1.4,0.17266672991436505,0.28218707469320015,65,437.1471152699079,40.52959203346634,False,True
1.2290527568436032,343,1.5,0.10381635702724362,0.26170568373590597,74,310.22029871474336,32.45024934261909,False,True
1.22650358563292,382,1.4,0.0958363755259462,0.24697879907199982,89,366.7328908218075,45.8372823270687,False,True
0.3185679339632975,385,1.5,0.005128413161287138,0.9062545805210367,96,82.18509836680707,14.331049114746303,False,False
0.8427463961133559,468,1.2,0.06824956552523127,0.2495461998495061,96,351.1027538834583,47.38931194531381,True,False
0.2748263880216376,146,1.4,0.07603912375717142,0.271949726128631,96,30.839782914152924,4.2039861807405705,False,True
0.9143875470208562,427,1.5,0.07976455617938011,0.7593982624179637,94,281.05802245257587,45.56362235416318,True,False
0.7739896517853901,85,1.5,0.11603447384546646,0.44973984245054,82,48.94861758155481,6.1454581595235025,False,True
1.3540154375857898,492,1.2,0.10672050934537569,0.7767105569551812,65,614.3918284460433,69.3057737187207,False,True
0.6561895163177023,44,1.4,0.12158101855868893,0.06536615756438524,63,23.130476476773033,1.8810580683614786,False,False
0.35218712135588764,10,1.5,0.15297665230842566,0.4875711936733843,77,2.7070901877803504,0.32407757929654185,False,False
0.38588918666868666,305,1.2,0.1625971477432187,0.03361360018328263,68,114.02772389051626,9.855254029322168,True,False
1.189963821232714,329,1.5,0.14362461524529888,0.06265320345535452,88,298.48457384207063,33.86185893295443,False,False
1.0036834823111394,415,1.4,0.19110473919098694,0.906437453344411,72,354.3780308984516,46.348991174056614,False,False
0.33145947895962735,69,1.5,0.0036465165352723263,0.13924537111759516,76,15.302734965799614,1.554974484698744,True,False
0.3093388479494967,329,1.5,0.03915559713670922,0.5324206822752171,91,70.50496216003998,10.154930261448518,False,False
1.111259870896856,358,1.5,0.0015125749956284241,0.41109560260070654,81,265.6218553701711,32.42225917653156,False,True
0.2945919082734516,337,1.5,0.1294949428309206,0.3473433262588427,63,74.75560252673456,6.909409422231319,True,False
1.2684180770774631,276,1.2,0.1796061097899974,0.8998333456872725,64,344.13375410239075,39.91722142090629,True,False
1.1181148953034452,370,1.2,0.04869645931525986,0.0218233967754895,96,361.5402989754825,43.85823812075016,False,True
0.3057534148344697,238,1.4,0.18540690895926135,0.6637896861755891,72,61.61517576505348,7.3858441371680525,False,False
0.3102890283107495,279,1.2,0.012053478057912171,0.9633944342135504,93,73.01176349593669,12.57607923910354,True,False
1.482631452051528,325,1.2,0.18688720536110287,0.5601681834618419,81,476.5898314411845,61.770099977743875,True,False
0.6865520344829564,295,1.4,0.07032453744792688,0.9368224620330918,82,154.8399136991868,23.30528849926566,False,True
0.6818347911869582,300,1.2,0.020284165689843304,0.05225787928602377,62,173.91631026612356,13.83069332560019,False,True
1.2566394374347534,222,1.2,0.09717435183726514,0.4187933190741614,93,255.06922364821492,35.86078454233837,False,False
1.4314231505990163,174,1.4,0.05135531354410159,0.26015779096205116,91,187.04183881738768,24.043568937967386,True,False
1.481801382969732,14,1.4,0.056974580392384566,0.7308209649807298,80,15.662263949892882,2.1385419376714694,False,False
1.179391640836624,348,1.4,0.061457992985257316,0.9812970904972467,80,311.1802786007566,46.38604296062792,False,False
0.6891374611901906,388,1.5,0.1606051795665327,0.2565300624442478,70,206.88586978238547,20.42443307882595,False,True
0.3085509317082694,87,1.5,0.1078322553350509,0.6541746014740745,98,19.825715124485995,3.2230307092926083,True,False
1.2102909907056678,419,1.4,0.06226153983120073,0.19809763275974013,63,384.775353163942,33.30234309677443,True,False
0.9259255246565465,71,1.4,0.12206675666218368,0.5653302545716099,60,52.689619839792314,5.068735345383591,True,False
0.7514886120210691,141,1.4,0.14323013484463873,0.4639324866883362,87,86.5261030306879,11.592449643584562,False,True
1.3782607006231569,98,1.5,0.054524800146706756,0.9720053296315371,83,94.95612587181337,14.639649568932485,False,True
0.3445567269979968,246,1.5,0.0827098203050703,0.6085272726964666,94,61.18101212355629,9.37604989835885,False,True
0.840412635578117,51,1.2,0.02437721866738951,0.3495063720868188,72,36.58823122207377,3.8683927079841705,False,True
0.2147597381976448,98,1.2,0.036229869906936066,0.11409578488793337,93,18.17413720519311,2.2332710112069103,False,True
0.8092588345923641,411,1.4,0.13622357079299657,0.15124682873493456,70,269.9386240604468,25.405826642135967,True,False
0.27319425838638856,305,1.5,0.03628766953912539,0.2253169299512351,95,57.565261075455716,7.605993909116296,False,False
0.3544632911484935,337,1.5,0.10503267673341204,0.250966661340298,76,88.00047736337592,9.409091684532061,True,False
0.35278412081023636,304,1.5,0.14180925234448655,0.8506160578411378,94,81.63660043952551,13.671982992077748,False,False
1.0439733927508827,113,1.4,0.021375384618948768,0.5612227882825249,77,86.0647328481969,10.608239711215756,False,True
1.1698583430450502,23,1.2,0.11346244392578071,0.5233909113743664,99,24.966372152466533,3.898119838358056,False,False
0.9583793946263075,297,1.4,0.051312556740272755,0.11476887186921747,81,213.74587045175582,22.883670111924406,True,False
1.4508243130169045,188,1.2,0.19258537504751597,0.860139693349435,83,271.06965766988014,40.21853641739637,True,False
0.6873317533808153,134,1.2,0.09670912934398496,0.7228143032084837,78,84.17466931831693,11.173109687403187,False,False
0.571425712166419,431,1.4,0.16119850995503163,0.06766836190000158,96,204.27512389864447,25.342392648505804,False,True
1.3291788666462983,362,1.2,0.11004530843125236,0.7078350972297687,98,445.0937107709856,73.82097275939202,False,True
0.49067459007528846,32,1.2,0.008682506570963833,0.5435382173426461,80,13.198263344741925,1.6785143609951834,True,False
1.4521893012727947,72,1.5,0.12663027511880448,0.08172534574677826,67,78.53186073684255,6.8457989070526715,False,False
0.21580081709676124,152,1.2,0.1902806684413314,0.45830064152865646,87,32.53604850438834,4.349096772043528,False,True
1.4608424747199307,490,1.4,0.12032236402926624,0.484696287130047,64,572.8150731634088,56.93085942004993,False,True
0.256107885535749,162,1.4,0.16383777188535806,0.16577454016327575,76,34.49072928571416,3.5482093095365217,True,False
1.3584860478074925,154,1.2,0.17684129266968157,0.9456981470002823,96,205.16938449385535,36.26202454348429,False,True
0.8860114418121898,234,1.5,0.045615954389786495,0.8499753714806619,95,144.5227210955929,24.45574287216988,False,False
1.4908542349550904,459,1.5,0.04240896798164533,0.6690223373291083,78,475.5484262880039,61.87590689691388,True,False
0.29593553415601853,471,1.2,0.12219619777019836,0.4622955610006072,86,130.34835950187835,17.25139505045377,True,False
0.9200105697217171,318,1.2,0.08220569396134095,0.4117655415845085,93,263.8447794202268,36.98678281371136,False,False
1.4600932963048285,113,1.4,0.16797226057334408,0.6509734671509542,70,137.64598348317455,15.964193440728499,True,False
0.8800271974211935,113,1.2,0.18000462467960224,0.5454318694069055,71,97.78607199707889,11.045282917018298,False,True
1.0182182295758413,444,1.5,0.07068427586054363,0.062273105881885615,80,322.69631334921866,33.27439641936637,False,True
1.1044732956800023,48,1.2,0.047374111794896416,0.5125026487703317,70,46.27186948256098,5.086296015433917,False,False
0.7909033841981052,444,1.4,0.15610510304877237,0.8064036172328395,98,289.9851019211058,49.846183387220286,False,True
1.0158255041092825,207,1.4,0.05496120710962722,0.45923987759695806,87,158.45206821840713,21.188395688741608,False,False
0.9596086055000304,143,1.4,0.1645228637027357,0.05195657755426841,64,114.14322933387702,9.36867800859737,False,False
1.3715054136382856,76,1.4,0.08474765072975257,0.7862781993840331,76,80.76288066496598,10.688823051521826,False,True
0.25908029444389524,400,1.4,0.1335099798582941,0.2013637821359744,79,83.90574266765161,9.11991123670085,False,False
0.5652521464698994,188,1.2,0.019107062766933636,0.2586208348880388,71,90.24821790482419,9.04524492141623,False,True
1.4355349292995263,465,1.2,0.12477186493531461,0.1647063534322959,65,625.6766035981052,55.02274858448707,True,False
1.3573429190581912,51,1.2,0.09035353574744583,0.33021506487149754,76,62.899305168216465,6.962023152464063,True,False
0.7923537786214268,457,1.2,0.11732169263509483,0.756751505688635,78,337.1571064570528,45.3110950928563,False,False
1.0061723771419977,24,1.4,0.03360284154897269,0.5193858595039373,85,17.82827362460663,2.386178462426301,False,True
0.5605955378754726,120,1.5,0.14737474898883643,0.20488127415071256,91,51.45705316433057,6.452849411247452,False,True
0.44455750764088975,166,1.2,0.17255941550864573,0.8778300781520408,65,72.10902929918119,8.430399795330922,True,False
0.8028079264219767,298,1.5,0.043347960018155135,0.8795818549515292,95,166.40479178066326,28.451088002447253,True,False
0.6593578964338687,487,1.2,0.019142911104032347,0.8705784250460069,97,272.7118533142654,47.4597212191809,False,True
0.9587529454061336,240,1.2,0.00472771720926728,0.23879621138153928,70,192.65713164111315,18.87025246810194,False,False
0.3010550280544803,420,1.5,0.1283943000886532,0.4512393441809881,92,95.11845774751744,13.406591094340572,True,False
1.4667132499660165,429,1.4,0.12141880721775616,0.9849896561408751,83,504.0136601420438,78.04466978278087,False,False
1.4820739678234838,166,1.2,0.109339482542814,0.7720124763099904,82,227.4370383168412,32.310988274200454,False,False
